{
	"data":[
		{
			"id" : 1,
			"customer_name" : "Alex Campbell ",
			"customer_no" : "1234567890",
			"customer_image" : "assets/img/profiles/avatar-10.jpg",
			"email" : "alexcampbell@example.com",
			"amount_due" : "-",
			"registered_on" : "30 Mar 2020",
			"status" : "0",
			"action" : ""
		},
		{
			"id" : 2,
			"customer_name" : "Barbara Moore ",
			"customer_no" : "1234567890",
			"customer_image" : "assets/img/profiles/avatar-04.jpg",
			"email" : "barbaramoore@example.com",
			"amount_due" : "$8295",
			"registered_on" : "30 Mar 2020",
			"status" : "1",
			"action" : ""
		},
		{
			"id" : 3,
			"customer_name" : "Brian Johnson ",
			"customer_no" : "9876543210",
			"customer_image" : "assets/img/profiles/avatar-02.jpg",
			"email" : "brianjohnson@example.com",
			"amount_due" : "$295",
			"registered_on" : "16 Nov 2020",
			"status" : "0",
			"action" : ""
		},
		{
			"id" : 4,
			"customer_name" : "Greg Lynch ",
			"customer_no" : "9876543210",
			"customer_image" : "assets/img/profiles/avatar-02.jpg",
			"email" : "greglynch@example.com",
			"amount_due" : "$3000",
			"registered_on" : "11 Nov 2020",
			"status" : "1",
			"action" : ""
		},
		{
			"id" : 5,
			"customer_name" : "Jennifer Floyd  ",
			"customer_no" : "9876543210",
			"customer_image" : "assets/img/profiles/avatar-11.jpg",
			"email" : "jenniferfloyd@example.com",
			"amount_due" : "$250",
			"registered_on" : "23 Nov 2020",
			"status" : "0",
			"action" : ""
		},
		{
			"id" : 6,
			"customer_name" : "John Blair  ",
			"customer_no" : "9876543210",
			"customer_image" : "assets/img/profiles/avatar-07.jpg",
			"email" : "johnblair @example.com",
			"amount_due" : "$280",
			"registered_on" : "25 Nov 2020",
			"status" : "1",
			"action" : ""
		},
		{
			"id" : 7,
			"customer_name" : "Joseph Collins ",
			"customer_no" : "9876543210",
			"customer_image" : "assets/img/profiles/avatar-10.jpg",
			"email" : "joseph@example.com",
			"amount_due" : "$1000",
			"registered_on" : "10 Nov 2020",
			"status" : "1",
			"action" : ""
		},
		{
			"id" : 8,
			"customer_name" : "Karlene Chaidez ",
			"customer_no" : "9876543210",
			"customer_image" : "assets/img/profiles/avatar-06.jpg",
			"email" : "karlene@example.com",
			"amount_due" : "$200",
			"registered_on" : "23 Nov 2020",
			"status" : "0",
			"action" : ""
		},
		{
			"id" : 9,
			"customer_name" : "Leatha Bailey ",
			"customer_no" : "9876543210",
			"customer_image" : "assets/img/profiles/avatar-09.jpg",
			"email" : "leatha@example.com",
			"amount_due" : "$200",
			"registered_on" : "15 Nov 2020",
			"status" : "1",
			"action" : ""
		},
		{
			"id" : 10,
			"customer_name" : "Marie Canales ",
			"customer_no" : "9876543210",
			"customer_image" : "assets/img/profiles/avatar-03.jpg",
			"email" : "marie@example.com",
			"amount_due" : "$40",
			"registered_on" : "15 Nov 2020",
			"status" : "0",
			"action" : ""
		},
		{
			"id" : 11,
			"customer_name" : "John",
			"customer_no" : "1234567890",
			"customer_image" : "assets/img/profiles/avatar-12.jpg",
			"email" : "John@example.com",
			"amount_due" : "-",
			"registered_on" : "30 Mar 2020",
			"status" : "0",
			"action" : ""
		},
		{
			"id" : 12,
			"customer_name" : " Moore ",
			"customer_no" : "1234567890",
			"customer_image" : "assets/img/profiles/avatar-11.jpg",
			"email" : "moore@example.com",
			"amount_due" : "$8295",
			"registered_on" : "30 Mar 2020",
			"status" : "1",
			"action" : ""
		}

	]
	
}

