{
	"data":[
		{
			"id" : 1,
			"invoice_id" : "IN093439#@09",
			"category" : "Advertising",
			"created_on" : "16 Mar 2022",
			"customer_image" : "assets/img/profiles/avatar-10.jpg",
			"customer_name" : "Barbara Moore",
			"amount" : "$1,54,220",
			"due_date" : "23 Mar 2022",
			"status" : "0",
			"action" : ""
		},
		{
			"id" : 2,
			"invoice_id" : " IN093439#@10",
			"category" : "Food",
			"created_on" : "14 Mar 2022",
			"customer_image" : "assets/img/profiles/avatar-06.jpg",
			"customer_name" : " Karlene Chaidez",
			"amount" : "$1,222",
			"due_date" : "18 Mar 2022",
			"status" : "1",
			"action" : ""
		},
		{
			"id" : 3,
			"invoice_id" : " IN093439#@11",
			"category" : "Marketing",
			"created_on" : "12 Mar 2022",
			"customer_image" : "assets/img/profiles/avatar-10.jpg",
			"customer_name" : " Russell Copeland",
			"amount" : "$3,470",
			"due_date" : "10 Mar 2022",
			"status" : "1",
			"action" : ""
		},
		{
			"id" : 4,
			"invoice_id" : " IN093439#@12",
			"category" : "Repairs",
			"created_on" : "24 Mar 2022",
			"customer_image" : "assets/img/profiles/avatar-06.jpg",
			"customer_name" : "  Joseph Collins",
			"amount" : "$8,265",
			"due_date" : "30 Mar 2022",
			"status" : "0",
			"action" : ""
		},
		{
			"id" : 5,
			"invoice_id" : " IN093439#@13",
			"category" : "Software",
			"created_on" : "14 Mar 2022",
			"customer_image" : "assets/img/profiles/avatar-07.jpg",
			"customer_name" : " Jennifer Floyd",
			"amount" : "$5,200",
			"due_date" : "10 Mar 2022",
			"status" : "1",
			"action" : ""
		}
	]
}

