{
	"data":[
		{
			"id" : 1,
			"invoice_id" : "IN093439#@09",
			"category" : "Advertising",
			"created_on" : "16 Mar 2022",
			"customer_image" : "assets/img/profiles/avatar-10.jpg",
			"customer_name" : "Barbara Moore",
			"amount" : "$1,54,220",
			"paid_on" : "23 Mar 2022",
			"status_name" :"Overdue 7 days",
			"action" : ""
		},
		{
			"id" : 2,
			"invoice_id" : " IN093439#@10",
			"category" : "Advertising",
			"created_on" : "12 Mar 2022",
			"customer_image" : "assets/img/profiles/avatar-11.jpg",
			"customer_name" : "Barbara Moore",
			"amount" : "$1,222",
			"paid_on" : "18 Mar 2022",
			"status_name" :"Overdue 4 days",
			"action" : ""
		},
		{
			"id" : 3,
			"invoice_id" : " IN093439#@11",
			"category" : "Advertising",
			"created_on" : "14 Mar 2022",
			"customer_image" : "assets/img/profiles/avatar-12.jpg",
			"customer_name" : "Barbara Moore",
			"amount" : "$1,54",
			"paid_on" : "18 Mar 2022",
			"status_name" :"Overdue 3 days",
			"action" : ""
		},
		{
			"id" : 4,
			"invoice_id" : " IN093439#@12",
			"created_on" : "25 Mar 2022",
			"customer_image" : "assets/img/profiles/avatar-02.jpg",
			"customer_name" : "Barbara Moore",
			"amount" : "$1,00",
			"paid_on" : "18 Mar 2022",
			"status_name" :"Overdue 7 days",
			"action" : ""
		},
		{
			"id" : 5,
			"invoice_id" : " IN093439#@13",
			"created_on" : "30 Mar 2022",
			"customer_image" : "assets/img/profiles/avatar-02.jpg",
			"customer_name" : "Barbara Moore",
			"amount" : "$2,00",
			"paid_on" : "18 Mar 2022",
			"status_name" :"Overdue 4 days",
			"action" : ""
		}
	]
}

