{
	"data":[
		{
			"id" : 1,
			"reference_id" : "#158790",
			"payment_image" : "assets/img/profiles/avatar-05.jpg",
			"payment_name" : "Greg Lynch ",
			"amount" : "$582",
			"date" : "6 Nov 2020",
			"payment_method" : "Visa 3654",
			"action" : ""
		},
		{
			"id" : 2,
			"reference_id" : "#248960",
			"payment_image" : "assets/img/profiles/avatar-10.jpg",
			"payment_name" : " Joseph Collins ",
			"amount" : "$657",
			"date" : "16 Nov 2020",
			"payment_method" : "Visa 1234",
			"action" : ""
		},
		{
			"id" : 3,
			"reference_id" : "#3682303",
			"payment_image" : "assets/img/profiles/avatar-08.jpg",
			"payment_name" : " Marie Canales ",
			"amount" : "$67",
			"date" : "26 Nov 2020",
			"payment_method" : "Visa 5689",
			"action" : ""
		},
		{
			"id" : 4,
			"reference_id" : "#45268",
			"payment_image" : "assets/img/profiles/avatar-07.jpg",
			"payment_name" : "  Russell Copeland",
			"amount" : "$70",
			"date" : "16 Nov 2020",
			"payment_method" : "Visa 1234",
			"action" : ""
		},
		{
			"id" : 5,
			"reference_id" : "#635489",
			"payment_image" : "assets/img/profiles/avatar-06.jpg",
			"payment_name" : "Karlene Chaidez",
			"amount" : "$57",
			"date" : "06 Nov 2020",
			"payment_method" : "Visa 8795",
			"action" : ""
		},
		{
			"id" : 6,
			"reference_id" : "#875642",
			"payment_image" : "assets/img/profiles/avatar-05.jpg",
			"payment_name" : "Greg Lynch",
			"amount" : "$67",
			"date" : "20 Nov 2020",
			"payment_method" : "Visa 4321",
			"action" : ""
		}
	]
	
}

